trade_id,order_id,symbol,timeframe,direction,strategy_name,confidence,entry_time,expiry_time,entry_price,expiry_price,outcome,payout,profit_loss,expected_return,actual_return,blocked_reason
trade-9b75f873-e8c8-461a-bbca-70de746e903f,sim-d6f50260-d00e-46e0-9776-8d85f00b7205,EURUSD,1m,put,sample_candle_direction_strategy,0.7673913043476939,2026-01-01T01:00:00+00:00,2026-01-01T01:01:00+00:00,1.08478,1.08476,win,0.8,0.8,0.38130435,0.8,
trade-3c58087b-6527-4ef4-afc2-5eb45080a457,sim-df9cc1bb-9505-4716-8a35-e7ca9edc7186,EURUSD,1m,put,sample_candle_direction_strategy,0.6250000000001585,2026-01-01T01:01:00+00:00,2026-01-01T01:02:00+00:00,1.08476,1.08478,loss,0.0,-1.0,0.125,-1.0,
trade-02ad16f3-9e3d-44f6-9dbf-f121bde34305,sim-839d0187-ea82-47b1-97aa-915215c625d0,EURUSD,1m,call,sample_candle_direction_strategy,0.6233333333334715,2026-01-01T01:02:00+00:00,2026-01-01T01:03:00+00:00,1.08478,1.08484,win,0.8,0.8,0.122,0.8,
trade-6b5716af-9332-47b1-ae0c-ec4c600ea788,sim-394bfad6-1def-449b-a430-1cf18387d4ba,EURUSD,1m,call,sample_candle_direction_strategy,0.6583333333332974,2026-01-01T01:03:00+00:00,2026-01-01T01:04:00+00:00,1.08484,1.08494,win,0.8,0.8,0.185,0.8,
trade-abfbf379-930c-4e66-8fe6-061a84b8bbe1,sim-57559c63-6066-455e-b307-5f7d4ddd67a9,EURUSD,1m,call,sample_candle_direction_strategy,0.6833333333333509,2026-01-01T01:04:00+00:00,2026-01-01T01:05:00+00:00,1.08494,1.08507,win,0.8,0.8,0.23,0.8,
trade-9f8f8bae-3113-463a-babd-6f37d52bc988,sim-f2622356-e6de-480e-9fd2-7dcf3cd593cf,EURUSD,1m,call,sample_candle_direction_strategy,0.7229729729728708,2026-01-01T01:05:00+00:00,2026-01-01T01:06:00+00:00,1.08507,1.08524,win,0.8,0.8,0.30135135,0.8,
trade-97644246-bdcf-4442-b38d-7ee893b6faf9,sim-e159e68d-5e31-42af-bc57-6e84427b4604,EURUSD,1m,call,sample_candle_direction_strategy,0.738372093023281,2026-01-01T01:06:00+00:00,2026-01-01T01:07:00+00:00,1.08524,1.08544,win,0.8,0.8,0.32906977,0.8,
trade-5dcf34f8-2e22-4f15-ae5e-7b9ba3b7753c,sim-c4a2ebee-519d-4b70-a8a4-aeb6e030e10b,EURUSD,1m,call,sample_candle_direction_strategy,0.7458333333333063,2026-01-01T01:07:00+00:00,2026-01-01T01:08:00+00:00,1.08544,1.08566,win,0.8,0.8,0.3425,0.8,
trade-4fa5d72e-6fd8-4dd3-85b6-d2e55c91d26c,sim-4c7251b1-4299-4824-bb95-59bd63c9a1c9,EURUSD,1m,call,sample_candle_direction_strategy,0.748076923077038,2026-01-01T01:08:00+00:00,2026-01-01T01:09:00+00:00,1.08566,1.08577,win,0.8,0.8,0.34653846,0.8,
trade-1df1c5c2-52c2-4d5e-a5e2-212e7e63011a,sim-3e91a2cf-3ffe-4191-a5fe-022e70f91d04,EURUSD,1m,call,sample_candle_direction_strategy,0.6895348837207621,2026-01-01T01:09:00+00:00,2026-01-01T01:10:00+00:00,1.08577,1.0859,win,0.8,0.8,0.24116279,0.8,
trade-bf506d96-775c-469a-9236-0e4ddbd9ef8c,sim-28fc3ec5-c51c-4908-8abd-557531749b4b,EURUSD,1m,call,sample_candle_direction_strategy,0.7229729729731547,2026-01-01T01:10:00+00:00,2026-01-01T01:11:00+00:00,1.0859,1.08605,win,0.8,0.8,0.30135135,0.8,
trade-21413085-2e47-49fc-8f72-9ba5066f3272,sim-cc02f235-3596-42ba-a07d-07bd8c88e86b,EURUSD,1m,call,sample_candle_direction_strategy,0.7280487804876893,2026-01-01T01:11:00+00:00,2026-01-01T01:12:00+00:00,1.08605,1.08621,win,0.8,0.8,0.3104878,0.8,
trade-d53a20e3-81e7-4356-bcb3-2e3954b7f277,sim-b716cb2d-efeb-4fb3-9bb1-eb6f67fc02f9,EURUSD,1m,call,sample_candle_direction_strategy,0.7272727272726791,2026-01-01T01:12:00+00:00,2026-01-01T01:13:00+00:00,1.08621,1.08641,win,0.8,0.8,0.30909091,0.8,
trade-26b3156c-ab85-40ad-bf60-a6273a60e382,sim-3d93aa75-63da-4ffc-978c-e1c4000f9f0f,EURUSD,1m,call,sample_candle_direction_strategy,0.7400000000001554,2026-01-01T01:13:00+00:00,2026-01-01T01:14:00+00:00,1.08641,1.08659,win,0.8,0.8,0.332,0.8,
trade-f957a6fb-c7aa-41c2-9eee-56d3bd3fe944,sim-46966065-10cc-44f1-be13-09b5cfbff422,EURUSD,1m,call,sample_candle_direction_strategy,0.7259999999998508,2026-01-01T01:14:00+00:00,2026-01-01T01:15:00+00:00,1.08659,1.08677,win,0.8,0.8,0.3068,0.8,
trade-bda5b496-579a-4736-a078-2c2df5848daf,sim-4f59b61d-5d57-4e28-ab46-559136860450,EURUSD,1m,call,sample_candle_direction_strategy,0.7500000000001057,2026-01-01T01:15:00+00:00,2026-01-01T01:16:00+00:00,1.08677,1.08695,win,0.8,0.8,0.35,0.8,
trade-552d703d-39e6-4f5a-be0a-5c811681862f,sim-a8dd2f60-a9b6-440c-afe7-2d50142d9966,EURUSD,1m,call,sample_candle_direction_strategy,0.7431818181818743,2026-01-01T01:16:00+00:00,2026-01-01T01:17:00+00:00,1.08695,1.08673,loss,0.0,-1.0,0.33772727,-1.0,
trade-9fd4caf6-7001-4f3f-8bc3-04a65380d086,sim-f89171b4-b13c-4dae-9fe0-55fec4e5f25e,EURUSD,1m,put,sample_candle_direction_strategy,0.7540000000000933,2026-01-01T01:17:00+00:00,2026-01-01T01:18:00+00:00,1.08673,1.08677,loss,0.0,-1.0,0.3572,-1.0,
trade-8d233b57-75b1-4e7a-9c47-e05e2b0326c3,sim-1334ff13-6478-4504-a4d3-08332c77aad9,EURUSD,1m,call,sample_candle_direction_strategy,0.6411764705882756,2026-01-01T01:18:00+00:00,2026-01-01T01:19:00+00:00,1.08677,1.0868,win,0.8,0.8,0.15411765,0.8,
trade-53da2501-71fb-4d61-96ce-487c368dc7d4,sim-95bfb8a0-1dff-452f-bb6d-ed592cc4deb3,EURUSD,1m,call,sample_candle_direction_strategy,0.6299999999999872,2026-01-01T01:19:00+00:00,2026-01-01T01:20:00+00:00,1.0868,1.08682,win,0.8,0.8,0.134,0.8,
trade-ac332b40-3a41-4607-8aaf-f0ab86ae00ab,sim-280cb190-fe6e-41ef-9e12-fe724c6395ec,EURUSD,1m,call,sample_candle_direction_strategy,0.6269230769229619,2026-01-01T01:20:00+00:00,2026-01-01T01:21:00+00:00,1.08682,1.08683,win,0.8,0.8,0.12846154,0.8,
trade-a95fe4f3-8244-40d4-993c-b58f59c12b15,sim-ddd1f334-591c-4478-a3a5-7b77ad75540d,EURUSD,1m,call,sample_candle_direction_strategy,0.6129629629630482,2026-01-01T01:21:00+00:00,2026-01-01T01:22:00+00:00,1.08683,1.08683,draw,1.0,0.0,0.10333333,0.0,
trade-05824784-22b9-4c62-8658-2f7349fa8cfb,sim-c1de5d72-75e9-4bb8-b210-275d9c5bb502,EURUSD,1m,put,sample_candle_direction_strategy,0.6112903225807179,2026-01-01T01:23:00+00:00,2026-01-01T01:24:00+00:00,1.08682,1.0868,win,0.8,0.8,0.10032258,0.8,
trade-1bdfafa5-d158-4d13-855c-7b3cbe1bcf46,sim-b7adb62f-dd54-410b-8ec2-50445071feb5,EURUSD,1m,put,sample_candle_direction_strategy,0.6205882352940235,2026-01-01T01:24:00+00:00,2026-01-01T01:25:00+00:00,1.0868,1.08677,win,0.8,0.8,0.11705882,0.8,
trade-13292bc3-91aa-4ac4-9a6b-19d4d85970af,sim-f7841038-9989-41bb-a847-d9545cc0c5a2,EURUSD,1m,put,sample_candle_direction_strategy,0.6388888888888249,2026-01-01T01:25:00+00:00,2026-01-01T01:26:00+00:00,1.08677,1.08697,loss,0.0,-1.0,0.15,-1.0,
trade-a2c4b83a-2b05-4934-a154-d1fa5acaca93,sim-0e92a928-d90f-44f2-8af2-3889b0ee4f39,EURUSD,1m,call,sample_candle_direction_strategy,0.7521739130434929,2026-01-01T01:26:00+00:00,2026-01-01T01:27:00+00:00,1.08697,1.08679,loss,0.0,-1.0,0.35391304,-1.0,
trade-a3e71394-dbad-4f6c-a9e2-a471f12791c0,sim-ab4ea174-65a3-4fd4-b828-c5f1443db6cf,EURUSD,1m,put,sample_candle_direction_strategy,0.7369565217391452,2026-01-01T01:27:00+00:00,2026-01-01T01:28:00+00:00,1.08679,1.08661,win,0.8,0.8,0.32652174,0.8,
trade-da78c1ca-ee83-484c-9641-21a16cebc414,sim-5ebc67df-1c70-49d3-b0a8-36a37fe18611,EURUSD,1m,put,sample_candle_direction_strategy,0.7312499999998785,2026-01-01T01:28:00+00:00,2026-01-01T01:29:00+00:00,1.08661,1.08643,win,0.8,0.8,0.31625,0.8,
trade-2514f39d-bcce-4457-9ad9-6aafd9b5a218,sim-869f9535-a97d-4158-9a5f-30e12090f6b6,EURUSD,1m,put,sample_candle_direction_strategy,0.7260000000000622,2026-01-01T01:29:00+00:00,2026-01-01T01:30:00+00:00,1.08643,1.08625,win,0.8,0.8,0.3068,0.8,
trade-e84ca7c7-5a79-4b66-9ce3-92394e0c7b30,sim-f4c289d8-0714-4079-bbc7-c58c9442158c,EURUSD,1m,put,sample_candle_direction_strategy,0.7500000000001057,2026-01-01T01:30:00+00:00,2026-01-01T01:31:00+00:00,1.08625,1.08608,win,0.8,0.8,0.35,0.8,
trade-699e1701-7924-477d-b1d3-e86a19d22596,sim-30456968-ca1b-4227-981f-74ca49252d17,EURUSD,1m,put,sample_candle_direction_strategy,0.738372093023281,2026-01-01T01:31:00+00:00,2026-01-01T01:32:00+00:00,1.08608,1.08592,win,0.8,0.8,0.32906977,0.8,
trade-b06d22da-02c0-4f45-81d8-a421a69a7eb2,sim-027a1b6b-7e4d-4fcd-bd2e-bd58b429f447,EURUSD,1m,put,sample_candle_direction_strategy,0.7272727272726791,2026-01-01T01:32:00+00:00,2026-01-01T01:33:00+00:00,1.08592,1.08577,win,0.8,0.8,0.30909091,0.8,
trade-7f66f0ca-caa9-472d-b015-765748be2e8b,sim-3425f65b-158a-4bbf-a276-b96135ca1fe2,EURUSD,1m,put,sample_candle_direction_strategy,0.7166666666667242,2026-01-01T01:33:00+00:00,2026-01-01T01:34:00+00:00,1.08577,1.08555,win,0.8,0.8,0.29,0.8,
trade-ef74f7bb-ce5b-47bf-97fe-47e7a509d0af,sim-0408d90c-9d90-4e1c-bda4-68adf763e8be,EURUSD,1m,put,sample_candle_direction_strategy,0.7425925925925233,2026-01-01T01:34:00+00:00,2026-01-01T01:35:00+00:00,1.08555,1.08544,win,0.8,0.8,0.33666667,0.8,
trade-b02a40b9-be2a-474e-bfc5-b06dc0167a93,sim-5f297820-6390-4e79-9b41-bd8d2b6007ab,EURUSD,1m,put,sample_candle_direction_strategy,0.7100000000001014,2026-01-01T01:35:00+00:00,2026-01-01T01:36:00+00:00,1.08544,1.08522,win,0.8,0.8,0.278,0.8,
trade-76cd68ee-befa-4ba2-b7ca-ba1a430356c4,sim-2363ddda-02c5-4830-9bc7-dbc8ed95554f,EURUSD,1m,put,sample_candle_direction_strategy,0.7604166666666464,2026-01-01T01:36:00+00:00,2026-01-01T01:37:00+00:00,1.08522,1.08502,win,0.8,0.8,0.36875,0.8,
trade-6812cba8-408a-4970-a091-56647342ab0a,sim-ca017206-b20a-4fd1-bc6a-e6ceb7638a4a,EURUSD,1m,put,sample_candle_direction_strategy,0.7458333333333063,2026-01-01T01:37:00+00:00,2026-01-01T01:38:00+00:00,1.08502,1.08485,win,0.8,0.8,0.3425,0.8,
trade-f649ee09-c486-4a14-a3f3-91131f8c0451,sim-1a55a0e6-2fc0-4625-8c3a-dfd353a05eaa,EURUSD,1m,put,sample_candle_direction_strategy,0.7265957446808616,2026-01-01T01:38:00+00:00,2026-01-01T01:39:00+00:00,1.08485,1.08505,loss,0.0,-1.0,0.30787234,-1.0,
trade-89cbdb56-9a43-4b71-9933-48f5c4d4245b,sim-a312cb12-f942-47d5-bda8-f8d3cb641cb4,EURUSD,1m,call,sample_candle_direction_strategy,0.73461538461535,2026-01-01T01:39:00+00:00,2026-01-01T01:40:00+00:00,1.08505,1.08495,loss,0.0,-1.0,0.32230769,-1.0,
trade-fb0c773e-6d39-454e-ba2a-adadfcd39614,sim-7e13ee5a-687a-4cb1-8b68-24be865d0256,EURUSD,1m,put,sample_candle_direction_strategy,0.7029411764705747,2026-01-01T01:40:00+00:00,2026-01-01T01:41:00+00:00,1.08495,1.08489,win,0.8,0.8,0.26529412,0.8,
trade-20abd8e5-bf08-4245-a2f8-ebee54bb54c0,sim-61c1f51e-0bb0-4790-9149-c52a88140e80,EURUSD,1m,put,sample_candle_direction_strategy,0.6656250000001669,2026-01-01T01:41:00+00:00,2026-01-01T01:42:00+00:00,1.08489,1.08487,win,0.8,0.8,0.198125,0.8,
trade-a119c543-a06c-497b-9643-bf81803680f6,sim-2dc18b93-67d5-4130-aac0-40bae2e0d31c,EURUSD,1m,put,sample_candle_direction_strategy,0.6233333333332297,2026-01-01T01:42:00+00:00,2026-01-01T01:43:00+00:00,1.08487,1.08489,loss,0.0,-1.0,0.122,-1.0,
trade-4b15b8e1-787e-4efb-8559-99347d9503da,sim-e0b3ee25-9366-46ef-a7a3-5c4196e07a43,EURUSD,1m,call,sample_candle_direction_strategy,0.6218749999998937,2026-01-01T01:43:00+00:00,2026-01-01T01:44:00+00:00,1.08489,1.08495,win,0.8,0.8,0.119375,0.8,
trade-0badb0fa-6b65-4beb-bccf-0af6c1ec7590,sim-bd78cbba-65fc-4818-b142-b6e6985690cb,EURUSD,1m,call,sample_candle_direction_strategy,0.6552631578948875,2026-01-01T01:44:00+00:00,2026-01-01T01:45:00+00:00,1.08495,1.08492,loss,0.0,-1.0,0.17947368,-1.0,
trade-714f3975-8e2e-4d08-ac15-1ab8b77b9e65,sim-5bbc7c30-71fe-4bae-8c84-c71ea5cbf478,EURUSD,1m,put,sample_candle_direction_strategy,0.6388888888888569,2026-01-01T01:45:00+00:00,2026-01-01T01:46:00+00:00,1.08492,1.08493,loss,0.0,-1.0,0.15,-1.0,
trade-64ee0e3c-0a1f-4674-970c-4a77d2aa92a9,sim-a6a98cea-48af-4a2d-b70e-6045b9083261,EURUSD,1m,call,sample_candle_direction_strategy,0.6129629629627604,2026-01-01T01:46:00+00:00,2026-01-01T01:47:00+00:00,1.08493,1.08498,win,0.8,0.8,0.10333333,0.8,
trade-d88d20aa-20ec-4b90-aa71-a1582d9d6745,sim-50984540-4fa5-4906-84fe-a1902ca01ff2,EURUSD,1m,call,sample_candle_direction_strategy,0.6530303030303887,2026-01-01T01:47:00+00:00,2026-01-01T01:48:00+00:00,1.08498,1.08506,win,0.8,0.8,0.17545455,0.8,
trade-51536d14-cad5-4397-a503-53eabc85b3b1,sim-fd0db196-4965-4858-9c5c-2e166fd23d67,EURUSD,1m,call,sample_candle_direction_strategy,0.6736842105261758,2026-01-01T01:48:00+00:00,2026-01-01T01:49:00+00:00,1.08506,1.08518,win,0.8,0.8,0.21263158,0.8,
trade-ae03b573-59fc-47dd-a6ac-a2961f7813d2,sim-9e3a3fdb-a98b-4308-aae8-c696dfe4c767,EURUSD,1m,call,sample_candle_direction_strategy,0.6954545454546418,2026-01-01T01:49:00+00:00,2026-01-01T01:50:00+00:00,1.08518,1.08533,win,0.8,0.8,0.25181818,0.8,
trade-a79687ab-b138-4ba7-8a1c-427378054c10,sim-3e278637-3bd4-460a-ad03-966bc9a4c429,EURUSD,1m,call,sample_candle_direction_strategy,0.7346153846152312,2026-01-01T01:50:00+00:00,2026-01-01T01:51:00+00:00,1.08533,1.08511,loss,0.0,-1.0,0.32230769,-1.0,
trade-2619dfb0-3d1a-45ff-b901-203a09da1c12,sim-37a04501-a331-4562-8231-ce8e3fcdafed,EURUSD,1m,put,sample_candle_direction_strategy,0.7604166666665721,2026-01-01T01:51:00+00:00,,1.08511,,blocked,0.0,0.0,0.0,0.0,max_daily_trades
trade-02a6f0b7-c97c-4b7f-8b96-3f8a1b94def3,sim-51a22379-f4d8-4eae-9ff3-559db1f07fbc,EURUSD,1m,call,sample_candle_direction_strategy,0.7458333333333063,2026-01-01T01:52:00+00:00,,1.08531,,blocked,0.0,0.0,0.0,0.0,max_daily_trades
trade-fb0212da-f1e3-4666-a5d5-91c1b818c537,sim-9f3fea49-12e6-451a-b3d8-4dffba976a85,EURUSD,1m,call,sample_candle_direction_strategy,0.7518867924527582,2026-01-01T01:53:00+00:00,,1.08554,,blocked,0.0,0.0,0.0,0.0,max_daily_trades
trade-6282ba18-c5a5-4206-b731-f31c90da98a9,sim-26b00e10-3516-4d12-9eaf-929f080dbee2,EURUSD,1m,call,sample_candle_direction_strategy,0.6954545454546418,2026-01-01T01:54:00+00:00,,1.08566,,blocked,0.0,0.0,0.0,0.0,max_daily_trades
trade-2d09862e-d1fb-4166-bdda-40bff63574e7,sim-8cb7b900-63e3-4e17-a7b8-ea65d9d4802d,EURUSD,1m,call,sample_candle_direction_strategy,0.7229729729729446,2026-01-01T01:55:00+00:00,,1.08579,,blocked,0.0,0.0,0.0,0.0,max_daily_trades
trade-857dea9d-c5fd-4f3d-bb86-e8d69f2ef1ff,sim-87158616-1a95-4aac-b5b6-00da818dc3de,EURUSD,1m,call,sample_candle_direction_strategy,0.7280487804876893,2026-01-01T01:56:00+00:00,,1.08594,,blocked,0.0,0.0,0.0,0.0,max_daily_trades
trade-8ce5ecf4-7bc3-4a4e-b6d1-29ab4b203026,sim-c06ce3df-90c6-4491-82dc-ecc00416b373,EURUSD,1m,call,sample_candle_direction_strategy,0.7272727272728556,2026-01-01T01:57:00+00:00,,1.0861,,blocked,0.0,0.0,0.0,0.0,max_daily_trades
trade-58e300c7-5cf8-451f-818c-9424c074a6f2,sim-ec61ce92-1b4a-4259-b205-ceb82a9b8a28,EURUSD,1m,call,sample_candle_direction_strategy,0.7217391304347017,2026-01-01T01:58:00+00:00,,1.08626,,blocked,0.0,0.0,0.0,0.0,max_daily_trades
trade-22aedfcf-8f19-48ae-91a0-b6066782510e,sim-6c3a56ad-fc2b-4a81-8bd4-2377309729ad,EURUSD,1m,call,sample_candle_direction_strategy,0.7214285714286037,2026-01-01T01:59:00+00:00,,1.08643,,blocked,0.0,0.0,0.0,0.0,max_daily_trades
trade-ef2f8451-544d-479d-98f1-b5faf2510167,sim-ed99b72e-d396-42ed-b2e9-fc302439a8a0,EURUSD,1m,call,sample_candle_direction_strategy,0.7451219512195861,2026-01-01T02:00:00+00:00,,1.0866,,blocked,0.0,0.0,0.0,0.0,max_daily_trades
trade-25d736cb-cb57-4215-8729-be0a241b99db,sim-53f5e3a4-46a5-48b5-b45e-ea8507367cce,EURUSD,1m,call,sample_candle_direction_strategy,0.7333333333333245,2026-01-01T02:01:00+00:00,,1.08676,,blocked,0.0,0.0,0.0,0.0,max_daily_trades
trade-a782a72c-26d9-4610-b5b1-6ced9a11a2bd,sim-bd0424e2-a557-4bb6-b2ce-9cd81388a2c3,EURUSD,1m,call,sample_candle_direction_strategy,0.7272727272728556,2026-01-01T02:02:00+00:00,,1.08692,,blocked,0.0,0.0,0.0,0.0,max_daily_trades
trade-da0d8dfc-b47c-4970-8260-0d4493ab0093,sim-b6aefbaf-f9ec-49d0-8b87-de310443b8c3,EURUSD,1m,call,sample_candle_direction_strategy,0.6112903225804672,2026-01-01T02:03:00+00:00,,1.08693,,blocked,0.0,0.0,0.0,0.0,max_daily_trades
trade-0c3da8a6-6218-4de6-aa45-70530223085a,sim-02ebdc2d-8946-49be-9e7a-b7ffffb2f675,EURUSD,1m,call,sample_candle_direction_strategy,0.610606060606132,2026-01-01T02:04:00+00:00,,1.08694,,blocked,0.0,0.0,0.0,0.0,max_daily_trades
trade-dd697dd8-0388-4476-95aa-78cea84d4744,sim-b61d8252-5643-4219-b341-f508d6ecc6bb,EURUSD,1m,call,sample_candle_direction_strategy,0.759090909090893,2026-01-01T02:05:00+00:00,,1.08714,,blocked,0.0,0.0,0.0,0.0,max_daily_trades
trade-a6588bd7-9f97-4511-b0d5-cbc3128f4e1e,sim-5195b3de-982e-4a2d-8d63-e07b32e1f678,EURUSD,1m,put,sample_candle_direction_strategy,0.624999999999881,2026-01-01T02:06:00+00:00,,1.08712,,blocked,0.0,0.0,0.0,0.0,max_daily_trades
trade-c7a9ad0f-669d-466f-9c25-357011a24f1a,sim-ea9fe579-127e-4687-8b97-06bcd87b9234,EURUSD,1m,put,sample_candle_direction_strategy,0.6338709677421781,2026-01-01T02:07:00+00:00,,1.08709,,blocked,0.0,0.0,0.0,0.0,max_daily_trades
trade-207b44bf-eb40-465c-90ab-7a1ef0148384,sim-3d8adebe-a706-4203-9a83-50530f2f5a44,EURUSD,1m,put,sample_candle_direction_strategy,0.7480769230768254,2026-01-01T02:08:00+00:00,,1.08687,,blocked,0.0,0.0,0.0,0.0,max_daily_trades
trade-d3f195e7-40df-4ddc-bde0-e2556b9ddad9,sim-cce17614-f32f-4e51-a0d8-1ac547cdbf11,EURUSD,1m,put,sample_candle_direction_strategy,0.6472972972973995,2026-01-01T02:09:00+00:00,,1.08682,,blocked,0.0,0.0,0.0,0.0,max_daily_trades
trade-3a1f1bea-64dd-4454-bceb-6527e7558fe8,sim-43e2faa8-0abe-46a3-aeda-4c653e0d4a34,EURUSD,1m,put,sample_candle_direction_strategy,0.6603448275860405,2026-01-01T02:10:00+00:00,,1.08677,,blocked,0.0,0.0,0.0,0.0,max_daily_trades
trade-1486f69b-fa02-4514-9193-f9c5be47fa57,sim-893952d6-1c45-4ccd-b2cc-d8ee14e62232,EURUSD,1m,put,sample_candle_direction_strategy,0.6656249999999696,2026-01-01T02:11:00+00:00,,1.08671,,blocked,0.0,0.0,0.0,0.0,max_daily_trades
trade-89c34019-9554-4ff1-8f36-7936d17b760c,sim-7d4c0477-6189-44b9-94fe-0ec68ae0d8d5,EURUSD,1m,put,sample_candle_direction_strategy,0.7458333333333063,2026-01-01T02:12:00+00:00,,1.08651,,blocked,0.0,0.0,0.0,0.0,max_daily_trades
trade-8905bcca-d847-4cdf-a766-becce3dfb00f,sim-f08ef271-34ad-446f-879b-d45c8de1ddfa,EURUSD,1m,put,sample_candle_direction_strategy,0.74,2026-01-01T02:13:00+00:00,,1.08631,,blocked,0.0,0.0,0.0,0.0,max_daily_trades
trade-336ce761-4eaa-4272-9d5f-8aff9f511ec1,sim-c7d13940-c4c1-4c66-a67a-62369a8a9799,EURUSD,1m,put,sample_candle_direction_strategy,0.7303921568628347,2026-01-01T02:14:00+00:00,,1.08612,,blocked,0.0,0.0,0.0,0.0,max_daily_trades
trade-b5b6415f-4926-4bae-94d7-809867553fb7,sim-bf5892f3-611f-4171-b147-fb5dcdc32bec,EURUSD,1m,put,sample_candle_direction_strategy,0.7546511627905715,2026-01-01T02:15:00+00:00,,1.08593,,blocked,0.0,0.0,0.0,0.0,max_daily_trades
trade-5a971231-b8f0-46d3-8ed0-932af887d16f,sim-99e76f18-755a-4f1e-8776-e0fb5bc5d23d,EURUSD,1m,put,sample_candle_direction_strategy,0.7431818181818743,2026-01-01T02:16:00+00:00,,1.08575,,blocked,0.0,0.0,0.0,0.0,max_daily_trades
trade-514a3ecf-2b6d-46aa-b820-abaef3cc3ee5,sim-1fd565b5-acbb-4df3-9d4b-5dc299201b0a,EURUSD,1m,put,sample_candle_direction_strategy,0.7272727272726791,2026-01-01T02:17:00+00:00,,1.08559,,blocked,0.0,0.0,0.0,0.0,max_daily_trades
trade-db54674d-0d0f-4b61-9808-05bf0168f6c5,sim-0a10a318-585d-43f7-a161-02660d12e260,EURUSD,1m,call,sample_candle_direction_strategy,0.74,2026-01-01T02:18:00+00:00,,1.08579,,blocked,0.0,0.0,0.0,0.0,max_daily_trades
trade-b31e0e27-168a-49fd-a36f-14c5b2bc2c4d,sim-cc6401c2-c8d3-4bae-9f8e-1e5f61fab8cb,EURUSD,1m,put,sample_candle_direction_strategy,0.7011111111110688,2026-01-01T02:19:00+00:00,,1.08566,,blocked,0.0,0.0,0.0,0.0,max_daily_trades
trade-92228b27-f69d-4be2-ac7d-6f04fc4c4521,sim-4659560d-a6d7-46c1-aedc-d74d63f60ce7,EURUSD,1m,put,sample_candle_direction_strategy,0.7029411764705747,2026-01-01T02:20:00+00:00,,1.08556,,blocked,0.0,0.0,0.0,0.0,max_daily_trades
trade-8f67329e-d173-4cc7-940f-9e90112397e2,sim-50074b1a-9666-47ab-b051-43a5c066e6d4,EURUSD,1m,put,sample_candle_direction_strategy,0.7563829787234464,2026-01-01T02:21:00+00:00,,1.08535,,blocked,0.0,0.0,0.0,0.0,max_daily_trades
trade-1578317f-54ce-4286-a29d-9cfe49158719,sim-b123f918-08a1-4fb7-b2b7-11fdd397fbbc,EURUSD,1m,put,sample_candle_direction_strategy,0.7369565217391452,2026-01-01T02:22:00+00:00,,1.08517,,blocked,0.0,0.0,0.0,0.0,max_daily_trades
trade-485a6fc8-f136-4a79-8240-7afdb733f1d7,sim-68908e0f-9a0d-4d75-83b4-b591f7a9f133,EURUSD,1m,put,sample_candle_direction_strategy,0.7166666666665515,2026-01-01T02:23:00+00:00,,1.08502,,blocked,0.0,0.0,0.0,0.0,max_daily_trades
trade-2a2680ad-9cd2-4211-9b03-79402283b5b0,sim-4bab5467-9cb7-4647-99eb-1c245b6ecbc1,EURUSD,1m,put,sample_candle_direction_strategy,0.689534883720989,2026-01-01T02:24:00+00:00,,1.08491,,blocked,0.0,0.0,0.0,0.0,max_daily_trades
trade-8f9968f6-793b-4e68-b5e0-bbd8c7198be9,sim-6de77068-f496-488c-ada0-5e322d24e67a,EURUSD,1m,put,sample_candle_direction_strategy,0.7673913043479436,2026-01-01T02:25:00+00:00,,1.08469,,blocked,0.0,0.0,0.0,0.0,max_daily_trades
trade-3e146cfc-727f-435e-822e-e2a8d13a54bc,sim-23bd6588-6a5a-41f6-bdd4-12468d246cb8,EURUSD,1m,put,sample_candle_direction_strategy,0.6362068965517056,2026-01-01T02:26:00+00:00,,1.08466,,blocked,0.0,0.0,0.0,0.0,max_daily_trades
trade-bb1830bc-c012-4dbf-83a3-de2683821840,sim-87bfa54d-a467-469f-9f06-d3690400ac57,EURUSD,1m,call,sample_candle_direction_strategy,0.6120689655173153,2026-01-01T02:27:00+00:00,,1.08467,,blocked,0.0,0.0,0.0,0.0,max_daily_trades
trade-88d6abaa-e220-4266-acc1-82ed99c780f5,sim-73271391-d006-48bd-b192-af728b31b900,EURUSD,1m,call,sample_candle_direction_strategy,0.6499999999998731,2026-01-01T02:28:00+00:00,,1.08472,,blocked,0.0,0.0,0.0,0.0,max_daily_trades
trade-18b6571c-689b-4b10-bdf2-a0142838de3f,sim-8b65a4ad-965c-4c5b-a984-6481225023f1,EURUSD,1m,call,sample_candle_direction_strategy,0.6768292682928031,2026-01-01T02:29:00+00:00,,1.08481,,blocked,0.0,0.0,0.0,0.0,max_daily_trades
trade-78b9d379-27f0-4677-bd01-aaddf8514994,sim-adfd1705-bf8b-4d8b-9c47-90bb8aae5f14,EURUSD,1m,put,sample_candle_direction_strategy,0.6140000000000995,2026-01-01T02:30:00+00:00,,1.0848,,blocked,0.0,0.0,0.0,0.0,max_daily_trades
trade-1794b6dc-3f69-47a6-895a-48a19dd4602c,sim-6862ab9c-fe27-4621-aa7a-0b423f2dd30a,EURUSD,1m,call,sample_candle_direction_strategy,0.7521739130434929,2026-01-01T02:31:00+00:00,,1.085,,blocked,0.0,0.0,0.0,0.0,max_daily_trades
trade-016073ef-39be-4dd3-8a00-527e425d1cae,sim-1a7f13eb-f0d8-4fd7-9b90-6d7eb2340caf,EURUSD,1m,call,sample_candle_direction_strategy,0.6699999999999999,2026-01-01T02:32:00+00:00,,1.08507,,blocked,0.0,0.0,0.0,0.0,max_daily_trades
trade-d84b1038-e085-4f37-ba9f-767a2109f0eb,sim-57603994-da0a-472e-b995-21eb81f6740b,EURUSD,1m,call,sample_candle_direction_strategy,0.6875,2026-01-01T02:33:00+00:00,,1.08517,,blocked,0.0,0.0,0.0,0.0,max_daily_trades
trade-0f2d6197-0682-40d5-a6e2-00109af02718,sim-3d1486dd-3e75-452a-8b5f-e47329f23ad3,EURUSD,1m,call,sample_candle_direction_strategy,0.7065217391304788,2026-01-01T02:34:00+00:00,,1.08531,,blocked,0.0,0.0,0.0,0.0,max_daily_trades
trade-81c93ec7-9d34-4515-9b6c-07e0d377a145,sim-c63e15aa-8d5e-4df2-9515-7f9b888ecb40,EURUSD,1m,call,sample_candle_direction_strategy,0.7451219512195861,2026-01-01T02:35:00+00:00,,1.08548,,blocked,0.0,0.0,0.0,0.0,max_daily_trades
trade-a16745ab-c66e-46a4-8301-5517c971f5f3,sim-d71c288d-f5e9-4622-8f5d-650651b6eb6f,EURUSD,1m,call,sample_candle_direction_strategy,0.7477777777776895,2026-01-01T02:36:00+00:00,,1.08567,,blocked,0.0,0.0,0.0,0.0,max_daily_trades
trade-17ef09a9-5c31-4b13-bf26-d0bef84d2860,sim-cc9b056e-bb70-4535-867a-54e01961e185,EURUSD,1m,call,sample_candle_direction_strategy,0.7540000000000933,2026-01-01T02:37:00+00:00,,1.08589,,blocked,0.0,0.0,0.0,0.0,max_daily_trades
trade-c16afa56-4483-4e81-aa04-0672a78bfecf,sim-7e404a4b-30d5-4c7a-b6c1-57e65018950f,EURUSD,1m,call,sample_candle_direction_strategy,0.7555555555555715,2026-01-01T02:38:00+00:00,,1.08613,,blocked,0.0,0.0,0.0,0.0,max_daily_trades
trade-2e9339ff-d149-4a29-a3b7-d7edeae800da,sim-7cfe117c-c8ac-4886-95ab-1a1fe95441f9,EURUSD,1m,call,sample_candle_direction_strategy,0.6954545454544652,2026-01-01T02:39:00+00:00,,1.08625,,blocked,0.0,0.0,0.0,0.0,max_daily_trades
trade-20a401a2-cee4-468c-a103-07694c3bd244,sim-fc2736f2-40e3-445b-b705-49847ab6dc8e,EURUSD,1m,call,sample_candle_direction_strategy,0.7229729729729446,2026-01-01T02:40:00+00:00,,1.08638,,blocked,0.0,0.0,0.0,0.0,max_daily_trades
trade-1de44e12-da0e-4ed5-baeb-70fa65e4888e,sim-a5e9544a-2de3-480a-94cc-b5a59eeb73db,EURUSD,1m,call,sample_candle_direction_strategy,0.7225000000000388,2026-01-01T02:41:00+00:00,,1.08652,,blocked,0.0,0.0,0.0,0.0,max_daily_trades
trade-80c7d190-9314-4655-b1e5-48fba6ac7b0e,sim-65355f60-02e9-49bc-9d22-cf9c2e23f352,EURUSD,1m,put,sample_candle_direction_strategy,0.7539999999999378,2026-01-01T02:42:00+00:00,,1.0863,,blocked,0.0,0.0,0.0,0.0,max_daily_trades
trade-b41e9973-0909-4fd6-b7ba-360096236e5b,sim-2e2b97a7-ade6-4407-969d-c2d7651fd886,EURUSD,1m,call,sample_candle_direction_strategy,0.7166666666665515,2026-01-01T02:43:00+00:00,,1.08645,,blocked,0.0,0.0,0.0,0.0,max_daily_trades
trade-942b20cc-9ff1-4c08-bf48-539ca17aac63,sim-dd8a5cb1-6fcf-40a6-81cd-16c2f1820c67,EURUSD,1m,call,sample_candle_direction_strategy,0.73461538461535,2026-01-01T02:44:00+00:00,,1.08665,,blocked,0.0,0.0,0.0,0.0,max_daily_trades
trade-6696b285-759f-4041-9869-a34bda028bb5,sim-ef3a13fb-194a-4634-b15f-17285645e08a,EURUSD,1m,call,sample_candle_direction_strategy,0.7346153846154305,2026-01-01T02:45:00+00:00,,1.0868,,blocked,0.0,0.0,0.0,0.0,max_daily_trades
trade-4032a46e-0936-4085-8caf-c2d1512eddd3,sim-003bed24-5bd3-4024-a203-d4897b31af0d,EURUSD,1m,call,sample_candle_direction_strategy,0.7225000000000388,2026-01-01T02:46:00+00:00,,1.08694,,blocked,0.0,0.0,0.0,0.0,max_daily_trades
trade-589967ac-81a5-44be-8ee2-059124e5b07d,sim-fb5b2db8-091d-4f6d-8713-534d25ee7466,EURUSD,1m,call,sample_candle_direction_strategy,0.7109756097560606,2026-01-01T02:47:00+00:00,,1.08707,,blocked,0.0,0.0,0.0,0.0,max_daily_trades
trade-ffd1a2d3-df3d-4e97-b979-3efed22503d8,sim-4ae42474-ebdf-45ce-9a8b-2d84c1f22f84,EURUSD,1m,put,sample_candle_direction_strategy,0.6112903225807179,2026-01-01T02:48:00+00:00,,1.08706,,blocked,0.0,0.0,0.0,0.0,max_daily_trades
trade-e0cf8c3f-6326-4edd-9405-b45dc14e71de,sim-80da80c6-23ad-4c86-82fb-760322734f96,EURUSD,1m,put,sample_candle_direction_strategy,0.6205882352940235,2026-01-01T02:49:00+00:00,,1.08704,,blocked,0.0,0.0,0.0,0.0,max_daily_trades
trade-bae33c85-56e2-461e-878a-a73b09e21550,sim-2db9b350-b4a4-4435-85a9-73c8dec966b2,EURUSD,1m,put,sample_candle_direction_strategy,0.6388888888888569,2026-01-01T02:50:00+00:00,,1.08701,,blocked,0.0,0.0,0.0,0.0,max_daily_trades
trade-0eeb749b-8d33-47da-a6c9-f4506612cd0e,sim-c12e5eda-d496-49bd-8ca3-77047009fc66,EURUSD,1m,put,sample_candle_direction_strategy,0.6466666666667185,2026-01-01T02:51:00+00:00,,1.08697,,blocked,0.0,0.0,0.0,0.0,max_daily_trades
trade-4a2a9dc1-efb3-45b8-b9be-4021fa2a1bcc,sim-2d9823fe-500c-4f6b-91e8-70e1e11a4288,EURUSD,1m,put,sample_candle_direction_strategy,0.6530303030301888,2026-01-01T02:52:00+00:00,,1.08692,,blocked,0.0,0.0,0.0,0.0,max_daily_trades
trade-1085998d-0406-4d3b-b3f8-fb8afd0f7547,sim-7a472df1-67bf-4a54-b0f4-6eabfd00dfce,EURUSD,1m,put,sample_candle_direction_strategy,0.6583333333335132,2026-01-01T02:53:00+00:00,,1.08686,,blocked,0.0,0.0,0.0,0.0,max_daily_trades
trade-35c5ad52-b2f1-4ba9-8dc3-bd84c1e39d8d,sim-0e827a91-61c5-43a0-9d10-7e527e23b71c,EURUSD,1m,put,sample_candle_direction_strategy,0.6628205128205077,2026-01-01T02:54:00+00:00,,1.08679,,blocked,0.0,0.0,0.0,0.0,max_daily_trades
trade-1efc52de-a5d1-4470-871b-ee4f1694f8fa,sim-389b960e-55ae-4508-87dd-cd62ad0f839c,EURUSD,1m,put,sample_candle_direction_strategy,0.6790322580645242,2026-01-01T02:55:00+00:00,,1.08672,,blocked,0.0,0.0,0.0,0.0,max_daily_trades
trade-ccaa60aa-be23-4dca-9db4-fbb1e1316042,sim-dc5b9e14-387e-49c6-b3eb-7ee7a83502fe,EURUSD,1m,put,sample_candle_direction_strategy,0.6823529411763226,2026-01-01T02:56:00+00:00,,1.08664,,blocked,0.0,0.0,0.0,0.0,max_daily_trades
trade-4d4f66bc-c112-4de6-9c2a-2fb48e43b7c5,sim-a3362767-16e6-48f1-8d18-30fcc58addf3,EURUSD,1m,call,sample_candle_direction_strategy,0.7458333333333063,2026-01-01T02:57:00+00:00,,1.08684,,blocked,0.0,0.0,0.0,0.0,max_daily_trades
trade-7b81137d-da64-4461-a18c-9b0cc81272f7,sim-4a4381c9-77f7-43df-b68c-899a2bebfa8b,EURUSD,1m,put,sample_candle_direction_strategy,0.7441176470588504,2026-01-01T02:58:00+00:00,,1.08663,,blocked,0.0,0.0,0.0,0.0,max_daily_trades
trade-0fe05d97-2c77-467c-abd8-d29e1338e22b,sim-fb192e9b-1d02-4a99-ae05-886d78c57ea3,EURUSD,1m,put,sample_candle_direction_strategy,0.7425925925925233,2026-01-01T02:59:00+00:00,,1.08641,,blocked,0.0,0.0,0.0,0.0,max_daily_trades
trade-94415e6e-1939-4dae-9bd9-e514050762f1,sim-3d49c4c6-26d2-45c1-9c0b-11684c84f7c1,EURUSD,1m,put,sample_candle_direction_strategy,0.7546511627908321,2026-01-01T03:00:00+00:00,,1.08622,,blocked,0.0,0.0,0.0,0.0,max_daily_trades
trade-1bbcdb6f-75a1-41fb-8cc9-d25f65aef2ea,sim-d3a76212-07e5-4cdd-ac25-439b6ccc3385,EURUSD,1m,put,sample_candle_direction_strategy,0.7431818181818743,2026-01-01T03:01:00+00:00,,1.08604,,blocked,0.0,0.0,0.0,0.0,max_daily_trades
trade-8d1cf668-0f79-483d-a9c2-de8c66f62204,sim-c9f2f024-d8ae-4c75-a028-9c70c1e8a975,EURUSD,1m,put,sample_candle_direction_strategy,0.7272727272726791,2026-01-01T03:02:00+00:00,,1.08588,,blocked,0.0,0.0,0.0,0.0,max_daily_trades
trade-dcc63971-df66-47ff-9e4a-8b227804e0c3,sim-05075403-b3f5-41ac-93bd-e1e64be82018,EURUSD,1m,put,sample_candle_direction_strategy,0.7113636363636604,2026-01-01T03:03:00+00:00,,1.08574,,blocked,0.0,0.0,0.0,0.0,max_daily_trades
trade-89b3e5d2-f720-4462-97e4-38e7bbbd4f48,sim-2f591fe2-8d2a-41e5-995d-56db3980bd08,EURUSD,1m,put,sample_candle_direction_strategy,0.6954545454544652,2026-01-01T03:04:00+00:00,,1.08562,,blocked,0.0,0.0,0.0,0.0,max_daily_trades
trade-9f8c3af4-150d-491a-90ad-277f14090b91,sim-4b25a52c-202c-4946-8b29-8de5e39c40dc,EURUSD,1m,put,sample_candle_direction_strategy,0.6954545454544812,2026-01-01T03:05:00+00:00,,1.08553,,blocked,0.0,0.0,0.0,0.0,max_daily_trades
trade-cb247c5c-25e2-4249-9e2b-83cfba52bb07,sim-38491a7e-06e1-4b30-81da-8960475cef2b,EURUSD,1m,put,sample_candle_direction_strategy,0.7521739130435884,2026-01-01T03:06:00+00:00,,1.08533,,blocked,0.0,0.0,0.0,0.0,max_daily_trades
trade-385ef259-ea3c-4bc3-873c-ac0ced1bd235,sim-e09a7df5-1a29-447b-b978-7ebba8101939,EURUSD,1m,put,sample_candle_direction_strategy,0.7272727272726791,2026-01-01T03:07:00+00:00,,1.08517,,blocked,0.0,0.0,0.0,0.0,max_daily_trades
trade-a9df0bb3-fc46-440e-9567-514985f91cde,sim-572439bb-96eb-4491-b546-abafb5ea5a4e,EURUSD,1m,put,sample_candle_direction_strategy,0.7058139534883048,2026-01-01T03:08:00+00:00,,1.08504,,blocked,0.0,0.0,0.0,0.0,max_daily_trades
trade-00d28f0c-a427-4f34-9cea-ad7476c7f7aa,sim-d619a802-5508-4dec-bb66-708085ea3e2c,EURUSD,1m,put,sample_candle_direction_strategy,0.6768292682926136,2026-01-01T03:09:00+00:00,,1.08495,,blocked,0.0,0.0,0.0,0.0,max_daily_trades
trade-4685436b-8ac8-4d82-b617-1ac6a5968663,sim-67134960-def4-4415-b9c0-44a21a3c13c7,EURUSD,1m,call,sample_candle_direction_strategy,0.759090909090893,2026-01-01T03:10:00+00:00,,1.08515,,blocked,0.0,0.0,0.0,0.0,max_daily_trades
trade-0c2e2609-ca59-4ef2-8c48-80ee33e91499,sim-417f2290-71dc-4749-8a97-adddb98abe92,EURUSD,1m,put,sample_candle_direction_strategy,0.6129629629630482,2026-01-01T03:11:00+00:00,,1.08514,,blocked,0.0,0.0,0.0,0.0,max_daily_trades
trade-d6a7ed7c-fb81-4b96-84ea-70c0e8d02c8f,sim-0ed3a7bc-23ae-4398-a601-28054334a93a,EURUSD,1m,call,sample_candle_direction_strategy,0.6338709677419031,2026-01-01T03:12:00+00:00,,1.08517,,blocked,0.0,0.0,0.0,0.0,max_daily_trades
trade-4e7cf9fc-5066-49de-8213-b2aaf9b6a128,sim-d740abd5-c28f-456f-904e-f28a53dc7e1d,EURUSD,1m,call,sample_candle_direction_strategy,0.6662162162162333,2026-01-01T03:13:00+00:00,,1.08524,,blocked,0.0,0.0,0.0,0.0,max_daily_trades
trade-bc9ec89d-189a-4619-a910-2ce72512288f,sim-234c0911-7565-413e-ad98-bddbc772f27a,EURUSD,1m,call,sample_candle_direction_strategy,0.689534883720989,2026-01-01T03:14:00+00:00,,1.08535,,blocked,0.0,0.0,0.0,0.0,max_daily_trades
trade-9a3ad245-74a4-4578-b1d7-04a2461d69f0,sim-f26f91b4-2622-40cc-9985-039f6df775cb,EURUSD,1m,call,sample_candle_direction_strategy,0.6269230769229389,2026-01-01T03:15:00+00:00,,1.08537,,blocked,0.0,0.0,0.0,0.0,max_daily_trades
trade-c618e6d3-3d6c-4ae0-bfac-f7be1699badf,sim-b337d051-4667-44a9-ac12-6ecebc786c03,EURUSD,1m,put,sample_candle_direction_strategy,0.7604166666666464,2026-01-01T03:16:00+00:00,,1.08515,,blocked,0.0,0.0,0.0,0.0,max_daily_trades
trade-c834f82f-3153-4e19-9e89-0ad5a99e9836,sim-3b5b3815-bbf2-42c3-b17b-8ef066425399,EURUSD,1m,call,sample_candle_direction_strategy,0.685135135135067,2026-01-01T03:17:00+00:00,,1.08524,,blocked,0.0,0.0,0.0,0.0,max_daily_trades
trade-3e75d40b-5db7-4752-9111-a3de8ca519e2,sim-e2ab7c95-8531-42c2-997d-99cac0e49373,EURUSD,1m,call,sample_candle_direction_strategy,0.7000000000001322,2026-01-01T03:18:00+00:00,,1.08536,,blocked,0.0,0.0,0.0,0.0,max_daily_trades
trade-6414d584-8a11-4704-b93f-94d1a7b9f845,sim-8535e982-cf60-4845-8841-3918e5cffce7,EURUSD,1m,call,sample_candle_direction_strategy,0.7117021276594865,2026-01-01T03:19:00+00:00,,1.08551,,blocked,0.0,0.0,0.0,0.0,max_daily_trades
trade-58388e86-b75d-44d6-8357-a4e1459340d1,sim-4b5bd266-794e-4ed5-9393-89e436a64990,EURUSD,1m,call,sample_candle_direction_strategy,0.7500000000001057,2026-01-01T03:20:00+00:00,,1.08569,,blocked,0.0,0.0,0.0,0.0,max_daily_trades
trade-0fd15b04-4ea8-443b-82c2-de4411391500,sim-00871684-286a-4ba1-89ae-a9e8e0ba05e5,EURUSD,1m,call,sample_candle_direction_strategy,0.7521739130434929,2026-01-01T03:21:00+00:00,,1.08589,,blocked,0.0,0.0,0.0,0.0,max_daily_trades
trade-03430d97-c697-4612-8f70-37eb1ebb6a18,sim-a7a25d29-402c-447f-9d08-78f2c7b66057,EURUSD,1m,call,sample_candle_direction_strategy,0.7539999999999378,2026-01-01T03:22:00+00:00,,1.08611,,blocked,0.0,0.0,0.0,0.0,max_daily_trades
trade-9e2edea5-7ff6-465c-b368-927afc12e886,sim-2418d715-99c3-43a7-bc41-cc3dbc51c955,EURUSD,1m,call,sample_candle_direction_strategy,0.7400000000001554,2026-01-01T03:23:00+00:00,,1.08631,,blocked,0.0,0.0,0.0,0.0,max_daily_trades
trade-6b2ecd49-c58f-4b1f-8e81-014a136e92fe,sim-faeac9f3-0e90-485a-a934-182549078d2e,EURUSD,1m,call,sample_candle_direction_strategy,0.6954545454544652,2026-01-01T03:24:00+00:00,,1.08643,,blocked,0.0,0.0,0.0,0.0,max_daily_trades
trade-b8d008be-a281-4011-92a3-9fbf7ab14e2a,sim-f79677fc-73fc-4399-8adc-5d876584da1b,EURUSD,1m,call,sample_candle_direction_strategy,0.7229729729729446,2026-01-01T03:25:00+00:00,,1.08656,,blocked,0.0,0.0,0.0,0.0,max_daily_trades
trade-878a70a5-2585-46fd-a1a3-8c15a3450f35,sim-2a7e973f-fc89-4bf4-8f64-cf32c0a48bd3,EURUSD,1m,call,sample_candle_direction_strategy,0.7166666666666667,2026-01-01T03:26:00+00:00,,1.08669,,blocked,0.0,0.0,0.0,0.0,max_daily_trades
trade-5d6baac5-2766-4dd9-8a45-df048040eba3,sim-a2c351c7-46f6-4143-8535-f5968ddeb362,EURUSD,1m,call,sample_candle_direction_strategy,0.7166666666666667,2026-01-01T03:27:00+00:00,,1.08683,,blocked,0.0,0.0,0.0,0.0,max_daily_trades
trade-9a81a9cf-b1f1-4648-a6d4-2d6de8d7f7e4,sim-d5e708a3-3d77-4781-965a-687869288dd5,EURUSD,1m,call,sample_candle_direction_strategy,0.7113636363636604,2026-01-01T03:28:00+00:00,,1.08697,,blocked,0.0,0.0,0.0,0.0,max_daily_trades
trade-e019a453-beae-4224-88b1-5c01d5bfa760,sim-8163fb2a-c337-4756-9bd0-833a4c1296b9,EURUSD,1m,call,sample_candle_direction_strategy,0.7011111111111188,2026-01-01T03:29:00+00:00,,1.0871,,blocked,0.0,0.0,0.0,0.0,max_daily_trades
trade-a376a84d-129d-4e35-81f2-3d68238baeec,sim-91a52887-429b-4a6b-8598-1f60ced9fd47,EURUSD,1m,call,sample_candle_direction_strategy,0.7229729729729446,2026-01-01T03:30:00+00:00,,1.08723,,blocked,0.0,0.0,0.0,0.0,max_daily_trades
trade-aa1774c7-279c-49d4-b820-495adb737419,sim-c8184634-8475-4227-be6a-6c4a0f5fbce7,EURUSD,1m,call,sample_candle_direction_strategy,0.7105263157895705,2026-01-01T03:31:00+00:00,,1.08735,,blocked,0.0,0.0,0.0,0.0,max_daily_trades
trade-a85e22cb-1a6d-4e08-9972-a98c0c6a9407,sim-aa9d2246-68bc-4363-b2c5-ce2099de09d5,EURUSD,1m,call,sample_candle_direction_strategy,0.6987179487180253,2026-01-01T03:32:00+00:00,,1.08746,,blocked,0.0,0.0,0.0,0.0,max_daily_trades
trade-e256da3a-e627-4c78-9b48-23d509d18cfc,sim-4204f143-cacf-4544-8a36-5dbf0d93ec8c,EURUSD,1m,put,sample_candle_direction_strategy,0.7480769230769748,2026-01-01T03:33:00+00:00,,1.08724,,blocked,0.0,0.0,0.0,0.0,max_daily_trades
trade-8402dac0-ed53-44de-8808-8bb46e316f50,sim-c09b78fd-f7d6-460a-a152-8b13a7ddfae1,EURUSD,1m,put,sample_candle_direction_strategy,0.6472972972971894,2026-01-01T03:34:00+00:00,,1.08719,,blocked,0.0,0.0,0.0,0.0,max_daily_trades
trade-16d3be7f-23c7-472c-96bd-ac1e807ed1a6,sim-d852299b-f31f-47e3-b664-5ace2282fdda,EURUSD,1m,put,sample_candle_direction_strategy,0.6700000000002072,2026-01-01T03:35:00+00:00,,1.08713,,blocked,0.0,0.0,0.0,0.0,max_daily_trades
trade-22c9d94c-b10a-4148-b428-da43d3f79521,sim-95cca317-bf9c-46df-b4f7-d89206de555a,EURUSD,1m,call,sample_candle_direction_strategy,0.7521739130434195,2026-01-01T03:36:00+00:00,,1.08733,,blocked,0.0,0.0,0.0,0.0,max_daily_trades
trade-f4c9a06b-e155-471a-b004-06e85adda4da,sim-68010a56-b9cd-4bba-b661-b49e66bdf52f,EURUSD,1m,put,sample_candle_direction_strategy,0.6777777777776578,2026-01-01T03:37:00+00:00,,1.08725,,blocked,0.0,0.0,0.0,0.0,max_daily_trades
trade-059045fe-e9fe-409a-ba7d-777d9b78f5e4,sim-838b62e2-3131-45ab-bdb1-6d0853385783,EURUSD,1m,put,sample_candle_direction_strategy,0.6736842105264234,2026-01-01T03:38:00+00:00,,1.08717,,blocked,0.0,0.0,0.0,0.0,max_daily_trades
trade-92f5a22d-81c4-4dde-9355-42907045fb62,sim-dc73afff-37e5-4c71-b828-3af0986621cd,EURUSD,1m,put,sample_candle_direction_strategy,0.6768292682926551,2026-01-01T03:39:00+00:00,,1.08708,,blocked,0.0,0.0,0.0,0.0,max_daily_trades
trade-403b5a26-e94b-4207-8119-4a5d79a62249,sim-96b73a8e-516b-4e9a-89ae-5222d28250fc,EURUSD,1m,put,sample_candle_direction_strategy,0.6954545454547167,2026-01-01T03:40:00+00:00,,1.08699,,blocked,0.0,0.0,0.0,0.0,max_daily_trades
trade-d4867cd7-db82-45e2-97d4-9206f9594253,sim-646307c5-bafc-456a-85f8-0dedbfe10dfb,EURUSD,1m,put,sample_candle_direction_strategy,0.6899999999999048,2026-01-01T03:41:00+00:00,,1.0869,,blocked,0.0,0.0,0.0,0.0,max_daily_trades
trade-01265c9d-5e1a-45c2-8a8a-f67779541f42,sim-76906e70-3d10-4059-ade2-d093aa005bae,EURUSD,1m,put,sample_candle_direction_strategy,0.7539999999999378,2026-01-01T03:42:00+00:00,,1.08668,,blocked,0.0,0.0,0.0,0.0,max_daily_trades
trade-14c4f802-4b10-4065-acd0-8ade368aa80e,sim-cdcb2c46-f303-48b3-a090-735f7639b905,EURUSD,1m,put,sample_candle_direction_strategy,0.748076923077038,2026-01-01T03:43:00+00:00,,1.08646,,blocked,0.0,0.0,0.0,0.0,max_daily_trades
trade-a4422e50-010a-4a5d-8f33-44be0ca20c1c,sim-e48cf7b2-4f76-4ee0-8820-b52c0b4814cb,EURUSD,1m,put,sample_candle_direction_strategy,0.7386792452830686,2026-01-01T03:44:00+00:00,,1.08625,,blocked,0.0,0.0,0.0,0.0,max_daily_trades
trade-b0544c68-a722-4485-8fb0-500a4d6934ce,sim-4c36f409-7d11-40b9-9e53-67b820155ae5,EURUSD,1m,put,sample_candle_direction_strategy,0.7546511627905715,2026-01-01T03:45:00+00:00,,1.08606,,blocked,0.0,0.0,0.0,0.0,max_daily_trades
trade-36ac8607-d4f5-4a74-b9d7-556fdc5f924b,sim-d8ccdb78-adcd-4f27-86c6-acedb59321f2,EURUSD,1m,put,sample_candle_direction_strategy,0.7431818181818743,2026-01-01T03:46:00+00:00,,1.08588,,blocked,0.0,0.0,0.0,0.0,max_daily_trades
trade-7317e934-4075-4d08-a5ee-88c3ecf4e535,sim-53d0e17e-672a-48af-ba32-ff67d696f7c5,EURUSD,1m,put,sample_candle_direction_strategy,0.7272727272726791,2026-01-01T03:47:00+00:00,,1.08572,,blocked,0.0,0.0,0.0,0.0,max_daily_trades
trade-0a46845e-576a-4df4-b5cc-e5160c3ade5e,sim-a60cd1f5-ea4e-466a-a3aa-35fe22b7ecd4,EURUSD,1m,put,sample_candle_direction_strategy,0.7058139534883594,2026-01-01T03:48:00+00:00,,1.08559,,blocked,0.0,0.0,0.0,0.0,max_daily_trades
trade-4f3e0c93-08c1-4884-85fd-f6f6d56c25a4,sim-6b0baa7d-4f3c-4868-9fa2-9e5b74e6af15,EURUSD,1m,call,sample_candle_direction_strategy,0.73461538461535,2026-01-01T03:49:00+00:00,,1.08579,,blocked,0.0,0.0,0.0,0.0,max_daily_trades
trade-ca83853a-38b0-4598-909d-ee116f875d18,sim-9297a3d2-c1d8-4105-94c7-c9c4d7770f88,EURUSD,1m,put,sample_candle_direction_strategy,0.7673913043479436,2026-01-01T03:50:00+00:00,,1.08557,,blocked,0.0,0.0,0.0,0.0,max_daily_trades
trade-a5ff2f1d-65b2-4f2a-b150-9d69cbeeff36,sim-abe5a417-19d1-4eee-80c1-dd4642ab9754,EURUSD,1m,put,sample_candle_direction_strategy,0.7431818181816254,2026-01-01T03:51:00+00:00,,1.08539,,blocked,0.0,0.0,0.0,0.0,max_daily_trades
trade-38903f06-a46d-45d8-9be2-37e5cdabeeb7,sim-6a12dc2f-8e9b-4c3e-b097-342dacc48dcd,EURUSD,1m,put,sample_candle_direction_strategy,0.7166666666666667,2026-01-01T03:52:00+00:00,,1.08525,,blocked,0.0,0.0,0.0,0.0,max_daily_trades
trade-37f685bf-1aae-4cdc-9dbc-144701af1efc,sim-7164c289-3a29-41cd-9a94-9610f834c863,EURUSD,1m,put,sample_candle_direction_strategy,0.6875,2026-01-01T03:53:00+00:00,,1.08515,,blocked,0.0,0.0,0.0,0.0,max_daily_trades
trade-ffea3fef-14b9-4fa4-b1dc-ab3b10563d0e,sim-799550f5-bd57-4727-8912-21831fa79cc5,EURUSD,1m,put,sample_candle_direction_strategy,0.655263157894683,2026-01-01T03:54:00+00:00,,1.08509,,blocked,0.0,0.0,0.0,0.0,max_daily_trades
trade-b59b0b0f-18eb-4d42-bb86-2749e4fba23a,sim-7d399aaa-f980-4681-b2a7-6b010829415a,EURUSD,1m,put,sample_candle_direction_strategy,0.6269230769232609,2026-01-01T03:55:00+00:00,,1.08507,,blocked,0.0,0.0,0.0,0.0,max_daily_trades
trade-fa5cef17-ba7e-4e1e-bf42-ef14f4d3b51f,sim-c80acdf4-4b8b-4dc3-9fe1-2f5aaf2cefb0,EURUSD,1m,call,sample_candle_direction_strategy,0.6250000000001585,2026-01-01T03:56:00+00:00,,1.08509,,blocked,0.0,0.0,0.0,0.0,max_daily_trades
trade-706f89e7-382b-4a24-ac12-987f80615f58,sim-0665c80b-e0df-4e27-af4d-2558787e00f4,EURUSD,1m,call,sample_candle_direction_strategy,0.6617647058822991,2026-01-01T03:57:00+00:00,,1.08515,,blocked,0.0,0.0,0.0,0.0,max_daily_trades
trade-f0a1625b-5578-4279-ba4c-fd3427f64388,sim-3aa43579-d0ac-4d0f-a77d-aaa6c9a55957,EURUSD,1m,call,sample_candle_direction_strategy,0.6875,2026-01-01T03:58:00+00:00,,1.08525,,blocked,0.0,0.0,0.0,0.0,max_daily_trades
trade-f31335e2-1209-455c-ad72-5bacf4200eb2,sim-7c090594-569a-435d-b12f-3997be0b674c,EURUSD,1m,call,sample_candle_direction_strategy,0.7065217391304788,2026-01-01T03:59:00+00:00,,1.08539,,blocked,0.0,0.0,0.0,0.0,max_daily_trades
trade-805b3fb4-3633-4fdf-8f93-8c2ffae71f97,sim-fc2a6c16-c2d8-4700-a619-21726714ca7f,EURUSD,1m,call,sample_candle_direction_strategy,0.6499999999997621,2026-01-01T04:00:00+00:00,,1.08543,,blocked,0.0,0.0,0.0,0.0,max_daily_trades
trade-60b713d5-948d-4dad-a4fd-eb6d6f38678f,sim-eba080ed-4ebd-47cc-9cea-6c66f193c991,EURUSD,1m,call,sample_candle_direction_strategy,0.6742424242424028,2026-01-01T04:01:00+00:00,,1.0855,,blocked,0.0,0.0,0.0,0.0,max_daily_trades
trade-9c31bf63-b0fa-4775-b63d-0884558f2a47,sim-a05339ff-228f-49e8-9321-117ff8d1d173,EURUSD,1m,call,sample_candle_direction_strategy,0.7458333333335356,2026-01-01T04:02:00+00:00,,1.0857,,blocked,0.0,0.0,0.0,0.0,max_daily_trades
trade-5840b99d-01ec-496f-9f09-109ac0edd48f,sim-f9bbd475-7f0d-4edc-a62a-b5899918c063,EURUSD,1m,call,sample_candle_direction_strategy,0.7113636363634838,2026-01-01T04:03:00+00:00,,1.08584,,blocked,0.0,0.0,0.0,0.0,max_daily_trades
trade-e4441cb0-ab8c-4ad1-b918-58317c53a891,sim-20aa2051-d4d0-447f-bdfe-15066cb9cb71,EURUSD,1m,call,sample_candle_direction_strategy,0.7166666666667746,2026-01-01T04:04:00+00:00,,1.086,,blocked,0.0,0.0,0.0,0.0,max_daily_trades
trade-beaf96af-8cbe-4b57-874d-5aae8c8e20e4,sim-3bccc181-2af0-4f10-96b7-b51038f0b795,EURUSD,1m,call,sample_candle_direction_strategy,0.7546511627905715,2026-01-01T04:05:00+00:00,,1.08619,,blocked,0.0,0.0,0.0,0.0,max_daily_trades
trade-4b7342f9-e63f-4448-a326-368065d6273a,sim-88fa9794-605a-4f50-85e1-1ff82256a923,EURUSD,1m,call,sample_candle_direction_strategy,0.7563829787234464,2026-01-01T04:06:00+00:00,,1.0864,,blocked,0.0,0.0,0.0,0.0,max_daily_trades
trade-99331773-4478-4928-b0fe-8159c3288ac6,sim-d098bd50-49f4-4a94-b5a5-bf3589b23254,EURUSD,1m,put,sample_candle_direction_strategy,0.7540000000000249,2026-01-01T04:07:00+00:00,,1.08618,,blocked,0.0,0.0,0.0,0.0,max_daily_trades
trade-f57581a6-410e-4128-9440-7152b0b2a4c2,sim-138e7b84-4da8-4067-b967-b902d24f3e7a,EURUSD,1m,call,sample_candle_direction_strategy,0.7555555555555715,2026-01-01T04:08:00+00:00,,1.08642,,blocked,0.0,0.0,0.0,0.0,max_daily_trades
trade-1e945b9b-7bb3-48d2-87e6-83418e2539dd,sim-2e6a8d47-8370-41fa-a03b-36d0a79801f1,EURUSD,1m,call,sample_candle_direction_strategy,0.689534883720989,2026-01-01T04:09:00+00:00,,1.08653,,blocked,0.0,0.0,0.0,0.0,max_daily_trades
trade-ed226cc9-3301-4d80-8a84-cedac8b1793e,sim-67af776b-b9e0-4f17-9b6b-98ff9b159af3,EURUSD,1m,call,sample_candle_direction_strategy,0.7166666666665947,2026-01-01T04:10:00+00:00,,1.08665,,blocked,0.0,0.0,0.0,0.0,max_daily_trades
trade-4367bc96-7d8c-49cb-8465-436ee742622f,sim-9444b7e3-3a6e-48ac-a515-1ce5987cac50,EURUSD,1m,call,sample_candle_direction_strategy,0.7105263157895705,2026-01-01T04:11:00+00:00,,1.08677,,blocked,0.0,0.0,0.0,0.0,max_daily_trades
trade-3fbe4002-450c-42ea-b75e-6ee6ccdde81a,sim-42cabcf7-23da-4ea3-abbd-dc1485e9d4d8,EURUSD,1m,call,sample_candle_direction_strategy,0.7049999999999222,2026-01-01T04:12:00+00:00,,1.08689,,blocked,0.0,0.0,0.0,0.0,max_daily_trades
trade-20ee0c93-93eb-4cb8-8cab-38c15dd75fff,sim-b31df83d-d572-4274-8f2c-d177815bd7e8,EURUSD,1m,call,sample_candle_direction_strategy,0.7000000000001322,2026-01-01T04:13:00+00:00,,1.08701,,blocked,0.0,0.0,0.0,0.0,max_daily_trades
trade-9ad6bc5a-8be0-4956-afac-3ca90c47debd,sim-a6cd2c11-65ff-4eba-9267-6310febbd935,EURUSD,1m,call,sample_candle_direction_strategy,0.689534883720989,2026-01-01T04:14:00+00:00,,1.08712,,blocked,0.0,0.0,0.0,0.0,max_daily_trades
trade-d01576fd-793c-4d86-907d-3b0fbf2fc561,sim-8eef0954-ac53-491d-baae-ab7597c99caf,EURUSD,1m,call,sample_candle_direction_strategy,0.759090909090893,2026-01-01T04:15:00+00:00,,1.08732,,blocked,0.0,0.0,0.0,0.0,max_daily_trades
trade-72c576a7-4161-4a49-bc3b-55471113fffe,sim-c66b19c8-ee8d-4f5d-94c5-84e5213547c8,EURUSD,1m,call,sample_candle_direction_strategy,0.6899999999999619,2026-01-01T04:16:00+00:00,,1.08741,,blocked,0.0,0.0,0.0,0.0,max_daily_trades
trade-9497ecb8-a327-4e9b-b167-80596f0d0e1a,sim-867319bb-9d84-48c7-b71a-df49ed033dec,EURUSD,1m,call,sample_candle_direction_strategy,0.6777777777778258,2026-01-01T04:17:00+00:00,,1.08749,,blocked,0.0,0.0,0.0,0.0,max_daily_trades
trade-934cfa15-3310-4855-b403-087a5ac238fd,sim-03131abe-bcb9-4136-8553-3371848dae94,EURUSD,1m,put,sample_candle_direction_strategy,0.6583333333335132,2026-01-01T04:18:00+00:00,,1.08743,,blocked,0.0,0.0,0.0,0.0,max_daily_trades
trade-c0b079fd-bdfd-4c3c-8991-5e99aee05868,sim-eaf472ef-da1a-4c41-bde8-ced803ea12c2,EURUSD,1m,put,sample_candle_direction_strategy,0.6628205128203084,2026-01-01T04:19:00+00:00,,1.08736,,blocked,0.0,0.0,0.0,0.0,max_daily_trades
